Date,Open,High,Low,Close,Adj Close,Volume,close_rtn,close_ma
2022-01-03,177.830002,182.880005,177.710007,182.009995,180.190964,104487900,,
2022-01-04,182.630005,182.940002,179.119995,179.699997,177.904053,99310400,-0.012691599711323609,180.854996
2022-01-05,179.610001,180.169998,174.639999,174.919998,173.171829,94537600,-0.026599883582635764,177.3099975
2022-01-06,172.699997,175.300003,171.639999,172.0,170.281021,96904000,-0.016693334286454697,173.45999899999998
2022-01-07,172.889999,174.139999,171.029999,172.169998,170.44931,86709100,0.0009883604651161892,172.08499899999998
2022-01-10,169.080002,172.5,168.169998,172.190002,170.469101,106765600,0.00011618749045938515,172.18
2022-01-11,172.320007,175.179993,170.820007,175.080002,173.330231,76138300,0.01678378515844381,173.635002
2022-01-12,176.119995,177.179993,174.820007,175.529999,173.775726,74805200,0.002570236433970363,175.3050005
2022-01-13,175.779999,176.619995,171.789993,172.190002,170.469101,84505800,-0.019028069384310786,173.8600005
2022-01-14,171.339996,173.779999,171.089996,173.070007,171.340317,80440800,0.005110662580746217,172.63000449999998
2022-01-18,171.509995,172.539993,169.410004,169.800003,168.102982,90956700,-0.018894111444740402,171.435005
2022-01-19,170.0,171.080002,165.940002,166.229996,164.56868,94815000,-0.02102477583584028,168.0149995
2022-01-20,166.979996,169.679993,164.179993,164.509995,162.86586,91420500,-0.01034711569144231,165.36999550000002
2022-01-21,164.419998,166.330002,162.300003,162.410004,160.786865,122848900,-0.012765127127990161,163.45999949999998
2022-01-24,160.020004,162.300003,154.699997,161.619995,160.004745,162294600,-0.004864287793503119,162.0149995
2022-01-25,158.979996,162.759995,157.020004,159.779999,158.183136,115798400,-0.011384705215465307,160.699997
2022-01-26,163.5,164.389999,157.820007,159.690002,158.094055,108275300,-0.0005632557301493701,159.7350005
2022-01-27,162.449997,163.839996,158.279999,159.220001,157.628738,121954600,-0.002943208680027398,159.45500149999998
2022-01-28,165.710007,170.350006,162.800003,170.330002,168.627716,179935700,0.06977767196471762,164.7750015
2022-01-31,170.160004,175.0,169.509995,174.779999,173.033234,115541600,0.026125737965998486,172.5550005
2022-02-01,174.009995,174.839996,172.309998,174.610001,172.864944,86213900,-0.0009726398957125015,174.695
2022-02-02,174.75,175.880005,173.330002,175.839996,174.082642,84914300,0.007044241412036856,175.22499850000003
2022-02-03,174.479996,176.240005,172.119995,172.899994,171.171997,89418100,-0.01671975697724659,174.36999500000002
2022-02-04,171.679993,174.100006,170.679993,172.389999,170.884552,82465400,-0.0029496530809596244,172.6449965
2022-02-07,172.860001,173.949997,170.949997,171.660004,170.160934,77251200,-0.00423455539320472,172.02500149999997
2022-02-08,171.729996,175.350006,171.429993,174.830002,173.303238,74829200,0.018466724491047026,173.245003
2022-02-09,176.050003,176.649994,174.899994,176.279999,174.740585,71285000,0.008293753837513629,175.5550005
2022-02-10,174.139999,175.479996,171.550003,172.119995,170.616898,90865900,-0.02359884288404157,174.199997
2022-02-11,172.330002,173.080002,168.039993,168.639999,167.167297,98670700,-0.020218429590356468,170.379997
2022-02-14,167.369995,169.580002,166.559998,168.880005,167.405228,86185500,0.0014231854923103526,168.760002
2022-02-15,170.970001,172.949997,170.25,172.789993,171.281052,62527400,0.02315246260207071,170.834999
2022-02-16,171.850006,173.339996,170.050003,172.550003,171.043152,61177400,-0.0013889114516024703,172.66999800000002
2022-02-17,171.029999,171.910004,168.470001,168.880005,167.405228,69589300,-0.02126918537347111,170.71500400000002
2022-02-18,169.820007,170.539993,166.190002,167.300003,165.839005,82772700,-0.009355767131816517,168.09000400000002
2022-02-22,164.979996,166.690002,162.149994,164.320007,162.885025,91162800,-0.01781228898125009,165.810005
2022-02-23,165.539993,166.149994,159.75,160.070007,158.67218,90009200,-0.025864166376283082,162.195007
2022-02-24,152.580002,162.850006,152.0,162.740005,161.318832,141147500,0.01668018918747216,161.40500600000001
2022-02-25,163.839996,165.119995,160.869995,164.850006,163.4104,91974200,0.012965472134525369,163.7950055
2022-02-28,163.059998,165.419998,162.429993,165.119995,163.67804,95056600,0.0016377858063285622,164.9850005
2022-03-01,164.699997,166.600006,161.970001,163.199997,161.774796,83474400,-0.011627895216445472,164.15999599999998
2022-03-02,164.389999,167.360001,162.949997,166.559998,165.105469,79724800,0.02058824180002894,164.8799975
2022-03-03,168.470001,168.910004,165.550003,166.229996,164.778351,76678400,-0.0019812800430029087,166.394997
2022-03-04,164.490005,165.550003,162.100006,163.169998,161.745071,83737200,-0.018408217972886276,164.699997
2022-03-07,163.360001,165.020004,159.039993,159.300003,157.908875,96418800,-0.023717564793988566,161.2350005
2022-03-08,158.820007,162.880005,155.800003,157.440002,156.065125,131148300,-0.01167608892009886,158.3700025
2022-03-09,161.479996,163.410004,159.410004,162.949997,161.526978,91454900,0.034997427146882254,160.1949995
2022-03-10,160.199997,160.389999,155.979996,158.520004,157.135696,105342000,-0.02718621099452978,160.7350005
2022-03-11,158.929993,159.279999,154.5,154.729996,153.378784,96970100,-0.02390870492281849,156.625
2022-03-14,151.449997,154.119995,150.100006,150.619995,149.304672,108732100,-0.026562406167192076,152.6749955
2022-03-15,150.899994,155.570007,150.380005,155.089996,153.735626,92964300,0.029677341311822758,152.8549955
2022-03-16,157.050003,160.0,154.460007,159.589996,158.196335,102300200,0.02901541115521078,157.339996
2022-03-17,158.610001,161.0,157.630005,160.619995,159.217331,75615400,0.00645403236929698,160.1049955
2022-03-18,160.509995,164.479996,159.759995,163.979996,162.548004,123511700,0.02091894598801347,162.2999955
2022-03-21,163.509995,166.350006,163.009995,165.380005,163.935776,95811400,0.008537681632825533,164.6800005
2022-03-22,165.509995,169.419998,164.910004,168.820007,167.345749,81532000,0.02080059194580386,167.100006
2022-03-23,167.990005,172.639999,167.649994,170.210007,168.723602,98062700,0.008233621267412783,169.515007
2022-03-24,171.059998,174.139999,170.210007,174.070007,172.549896,90131400,0.022677867582721056,172.140007
2022-03-25,173.880005,175.279999,172.75,174.720001,173.194214,80546200,0.0037340953286684186,174.395004
2022-03-28,172.169998,175.729996,172.0,175.600006,174.066513,90371900,0.00503665862501923,175.16000350000002
2022-03-29,176.690002,179.009995,176.339996,178.960007,177.397186,100589400,0.019134401396318834,177.2800065
2022-03-30,178.550003,179.610001,176.699997,177.770004,176.21759,92633200,-0.006649547124794153,178.3650055
2022-03-31,177.839996,178.029999,174.399994,174.610001,173.085175,103049300,-0.01777579416603936,176.1900025
2022-04-01,174.029999,174.880005,171.940002,174.309998,172.787781,78751300,-0.001718131826824787,174.4599995
2022-04-04,174.570007,178.490005,174.440002,178.440002,176.881729,76468400,0.023693442988852453,176.375
2022-04-05,177.5,178.300003,174.419998,175.059998,173.53125,73401800,-0.01894196347296606,176.75
2022-04-06,172.360001,173.630005,170.130005,171.830002,170.329453,89058800,-0.01845079422427509,173.445
2022-04-07,171.160004,173.360001,169.850006,172.139999,170.636734,77594700,0.0018040912319838842,171.9850005
2022-04-08,171.779999,171.779999,169.199997,170.089996,168.604645,76575500,-0.011908928848082367,171.11499750000002
2022-04-11,168.710007,169.029999,165.5,165.75,164.302536,72246700,-0.025515880428382265,167.91999800000002
2022-04-12,168.020004,169.869995,166.639999,167.660004,166.195877,79265200,0.011523402714932018,166.70500199999998
2022-04-13,167.389999,171.039993,166.770004,170.399994,168.911926,70618900,0.016342538080817537,169.02999899999998
2022-04-14,170.619995,171.270004,165.039993,165.289993,163.846558,75329400,-0.02998826983526759,167.8449935
2022-04-18,163.919998,166.600006,163.570007,165.070007,163.628494,69023900,-0.0013309093672718708,165.18
2022-04-19,165.020004,167.820007,163.910004,167.399994,165.938126,67723800,0.014115144491391396,166.2350005
2022-04-20,168.759995,168.880005,166.100006,167.229996,165.769623,67929800,-0.0010155197496601875,167.314995
2022-04-21,168.910004,171.529999,165.910004,166.419998,164.966675,87227800,-0.004843616691828423,166.824997
2022-04-22,166.460007,167.869995,161.5,161.789993,160.377121,84882400,-0.027821205718317477,164.1049955
2022-04-25,161.119995,163.169998,158.460007,162.880005,161.457611,96046400,0.006737202838002387,162.334999
2022-04-26,162.25,162.339996,156.720001,156.800003,155.430695,95623200,-0.03732810543565501,159.84000400000002
2022-04-27,155.910004,159.789993,155.380005,156.570007,155.202728,88063200,-0.0014668111964257768,156.685005
2022-04-28,159.25,164.520004,158.929993,163.639999,162.210968,130216800,0.04515546837779727,160.105003
2022-04-29,161.839996,166.199997,157.25,157.649994,156.27327,131747600,-0.0366047728954092,160.6449965
2022-05-02,156.710007,158.229996,153.270004,157.960007,156.580582,123055300,0.0019664637602205826,157.8050005
2022-05-03,158.149994,160.710007,156.320007,159.479996,158.08728,88966500,0.009622619224118,158.7200015
2022-05-04,159.669998,166.479996,159.259995,166.020004,164.570206,108256500,0.041008328091505675,162.75
2022-05-05,163.850006,164.080002,154.949997,156.770004,155.40097,130525300,-0.05571617743124502,161.395004
2022-05-06,156.009995,159.440002,154.179993,157.279999,156.135574,116124600,0.003253141461934339,157.0250015
2022-05-09,154.929993,155.830002,151.490005,152.059998,150.953552,131577900,-0.033189223252728994,154.66999850000002
2022-05-10,155.520004,156.740005,152.929993,154.509995,153.385742,115366700,0.016112041511403996,153.2849965
2022-05-11,153.5,155.449997,145.809998,146.5,145.43399,142689800,-0.05184127408715533,150.5049975
2022-05-12,142.770004,146.199997,138.800003,142.559998,141.52269,182602000,-0.026894211604095553,144.529999
2022-05-13,144.589996,148.100006,143.110001,147.110001,146.039581,113990900,0.031916407574584804,144.8349995
2022-05-16,145.550003,147.520004,144.179993,145.539993,144.481003,86643800,-0.010672340352985255,146.324997
2022-05-17,148.860001,149.770004,146.679993,149.240005,148.154083,78336300,0.025422647917813013,147.389999
2022-05-18,146.850006,147.360001,139.899994,140.820007,139.795364,109742900,-0.0564191752740828,145.03000600000001
2022-05-19,139.880005,141.660004,136.600006,137.350006,136.350586,136095600,-0.024641392043106447,139.08500650000002
2022-05-20,139.089996,140.699997,132.610001,137.589996,136.588852,137426100,0.001747287874162895,137.47000100000002
2022-05-23,137.789993,143.259995,137.649994,143.110001,142.06868,117726300,0.0401192322151096,140.34999850000003
2022-05-24,140.809998,141.970001,137.330002,140.360001,139.338684,104132700,-0.019215987567493653,141.735001
2022-05-25,138.429993,141.789993,138.339996,140.520004,139.497528,92482700,0.0011399472703053082,140.4400025
2022-05-26,137.389999,144.339996,137.139999,143.779999,142.73381,90601500,0.023199508306305017,142.1500015
2022-05-27,145.389999,149.679993,145.259995,149.639999,148.551163,90978500,0.0407567119262533,146.70999899999998
2022-05-31,149.070007,150.660004,146.839996,148.839996,147.757004,103718400,-0.005346184211081018,149.23999750000002
2022-06-01,149.899994,151.740005,147.679993,148.710007,147.62793,74286600,-0.0008733472419605315,148.7750015
2022-06-02,147.830002,151.270004,146.860001,151.210007,150.109756,72348100,0.016811242568228746,149.960007
2022-06-03,146.899994,147.970001,144.460007,145.380005,144.322159,88570300,-0.03855566252304965,148.295006
2022-06-06,147.029999,148.570007,144.899994,146.139999,145.07663,71598400,0.005227637734638746,145.760002
2022-06-07,144.350006,149.0,144.100006,148.710007,147.62793,67808200,0.017585931419090928,147.425003
2022-06-08,148.580002,149.869995,147.460007,147.960007,146.883408,53950200,-0.005043372770468624,148.335007
2022-06-09,147.080002,147.949997,142.529999,142.639999,141.602097,69473000,-0.035955716060489196,145.300003
2022-06-10,140.279999,140.759995,137.059998,137.130005,136.132187,91437900,-0.03862867385465962,139.885002
2022-06-13,132.869995,135.199997,131.440002,131.880005,130.92041,122207100,-0.038284837807743055,134.505005
2022-06-14,133.130005,133.889999,131.479996,132.759995,131.793976,84784300,0.006672656707891411,132.32
2022-06-15,134.289993,137.339996,132.160004,135.429993,134.44455,91533000,0.020111465053911592,134.09499399999999
2022-06-16,132.080002,132.389999,129.039993,130.059998,129.113647,108123900,-0.039651445599646395,132.74499550000002
2022-06-17,130.070007,133.080002,129.809998,131.559998,130.602722,134520300,0.011533138728788916,130.809998
2022-06-21,133.419998,137.059998,133.320007,135.869995,134.881378,81000500,0.03276069523807679,133.71499649999998
2022-06-22,134.789993,137.759995,133.910004,135.350006,134.365158,73409200,-0.003827106934095159,135.6100005
2022-06-23,136.820007,138.589996,135.630005,138.270004,137.263901,72433800,0.021573682087609125,136.810005
2022-06-24,139.899994,141.910004,139.770004,141.660004,140.629242,89116800,0.024517248151666893,139.965004
2022-06-27,142.699997,143.490005,140.970001,141.660004,140.629242,70207900,0.0,141.660004
2022-06-28,142.130005,143.419998,137.320007,137.440002,136.439941,67083400,-0.02978965043654802,139.550003
2022-06-29,137.460007,140.669998,136.669998,139.229996,138.216919,66242400,0.013023821114321654,138.33499899999998
2022-06-30,137.25,138.369995,133.770004,136.720001,135.725189,98964500,-0.018027688516201623,137.9749985
2022-07-01,136.039993,139.039993,135.660004,138.929993,137.919083,71051600,0.0161643650075749,137.824997
2022-07-05,137.770004,141.610001,136.929993,141.559998,140.529953,73353800,0.01893043354576429,140.24499550000002
2022-07-06,141.350006,144.119995,141.080002,142.919998,141.880066,74064300,0.009607233817564564,142.239998
2022-07-07,143.289993,146.550003,143.279999,146.350006,145.28511,66253700,0.02399949655750766,144.635002
2022-07-08,145.259995,147.550003,145.0,147.039993,145.970093,64547800,0.004714635952935975,146.6949995
2022-07-11,145.669998,146.639999,143.779999,144.869995,143.815842,63141600,-0.014757876110617185,145.954994
2022-07-12,145.759995,148.449997,145.050003,145.860001,144.79866,77588800,0.0068337546363552715,145.364998
2022-07-13,142.990005,146.449997,142.119995,145.490005,144.431381,71185600,-0.0025366515663195477,145.675003
2022-07-14,144.080002,148.949997,143.25,148.470001,147.389694,78140700,0.020482479191611835,146.980003
2022-07-15,149.779999,150.860001,148.199997,150.169998,149.077332,76259900,0.011450104321074184,149.3199995
2022-07-18,150.740005,151.570007,146.699997,147.070007,145.999863,81420900,-0.020643211302433295,148.6200025
2022-07-19,147.919998,151.229996,146.910004,151.0,149.90126,82982400,0.026721920262096743,149.03500350000002
2022-07-20,151.119995,153.720001,150.369995,153.039993,151.926422,64823400,0.013509887417218591,152.0199965
2022-07-21,154.5,155.570007,151.940002,155.350006,154.21962,65086600,0.015094178683084492,154.1949995
2022-07-22,155.389999,156.279999,153.410004,154.089996,152.968796,66675400,-0.00811078179166591,154.72000100000002
2022-07-25,154.009995,155.039993,152.279999,152.949997,151.837082,53623900,-0.007398267438465056,153.5199965
2022-07-26,152.259995,153.089996,150.800003,151.600006,150.496918,55138700,-0.008826355191101976,152.2750015
2022-07-27,152.580002,157.330002,152.160004,156.789993,155.649124,78620700,0.03423474138912641,154.1949995
2022-07-28,156.979996,157.639999,154.410004,157.350006,156.205093,81378700,0.0035717394285488258,157.0699995
2022-07-29,161.240005,163.630005,159.5,162.509995,161.327515,101786900,0.03279306516200564,159.9300005
2022-08-01,161.009995,163.589996,160.889999,161.509995,160.334793,67829400,-0.006153467668250201,162.009995
2022-08-02,160.100006,162.410004,159.630005,160.009995,158.845703,59907000,-0.009287350915960335,160.759995
2022-08-03,160.839996,166.589996,160.75,166.130005,164.921188,82507500,0.0382476732156638,163.07
2022-08-04,166.009995,167.190002,164.429993,165.809998,164.6035,55474100,-0.0019262444493395314,165.97000150000002
2022-08-05,163.210007,165.850006,163.0,165.350006,164.374878,56697000,-0.0027742114802993267,165.580002
2022-08-08,166.369995,167.809998,164.199997,164.869995,163.89769,60276900,-0.0029029995922710272,165.1100005
2022-08-09,164.020004,165.820007,163.25,164.919998,163.947418,63135500,0.00030328744778573835,164.8949965
2022-08-10,167.679993,169.339996,166.899994,169.240005,168.241928,70170500,0.026194561316936316,167.08000149999998
2022-08-11,170.059998,170.990005,168.190002,168.490005,167.496353,57149200,-0.004431576328540077,168.865005
2022-08-12,169.820007,172.169998,169.399994,172.100006,171.085068,68039400,0.02142560919266412,170.2950055
2022-08-15,171.520004,173.389999,171.350006,173.190002,172.168625,54091700,0.0063335035560661,172.645004
2022-08-16,172.779999,173.710007,171.660004,173.029999,172.009567,56377100,-0.0009238581797579304,173.1100005
2022-08-17,172.770004,176.149994,172.570007,174.550003,173.520615,79542000,0.008784626994074118,173.79000100000002
2022-08-18,173.75,174.899994,173.119995,174.149994,173.122971,62290100,-0.002291658511171746,174.3499985
2022-08-19,173.029999,173.740005,171.309998,171.520004,170.508469,70346300,-0.015101866727598057,172.83499899999998
2022-08-22,169.690002,169.860001,167.139999,167.570007,166.581772,69026800,-0.023029366300621135,169.5450055
2022-08-23,167.080002,168.710007,166.649994,167.229996,166.243759,54147100,-0.0020290683642449903,167.4000015
2022-08-24,167.320007,168.110001,166.25,167.529999,166.542007,53841500,0.0017939544769229876,167.3799975
2022-08-25,168.779999,170.139999,168.350006,170.029999,169.027283,51218200,0.014922700500941355,168.779999
2022-08-26,170.570007,171.050003,163.559998,163.619995,162.655045,78961000,-0.03769925329470836,166.824997
2022-08-29,161.149994,162.899994,159.820007,161.380005,160.428268,73314000,-0.013690197215810773,162.5
2022-08-30,162.130005,162.559998,157.720001,158.910004,157.972855,77906200,-0.015305495869826102,160.1450045
2022-08-31,160.309998,160.580002,157.139999,157.220001,156.292816,87991100,-0.010634969211881673,158.0650025
2022-09-01,156.639999,158.419998,154.669998,157.960007,157.028458,74229900,0.004706818440994631,157.590004
2022-09-02,159.75,160.360001,154.970001,155.809998,154.891129,76957800,-0.013611097143088724,156.88500249999998
2022-09-06,156.470001,157.089996,153.690002,154.529999,153.618683,73714800,-0.0082151275042055,155.16999850000002
2022-09-07,154.820007,156.669998,153.610001,155.960007,155.040237,87449600,0.009253918392893912,155.245003
2022-09-08,154.639999,156.360001,152.679993,154.460007,153.549088,84923800,-0.009617850299275754,155.210007
2022-09-09,155.470001,157.820007,154.75,157.369995,156.441925,68028800,0.01883975053814413,155.915001
2022-09-12,159.589996,164.259995,159.300003,163.429993,162.466171,104956000,0.0385079633509553,160.399994
2022-09-13,159.899994,160.539993,153.369995,153.839996,152.932739,122656600,-0.058679541153746406,158.6349945
2022-09-14,154.789993,157.100006,153.610001,155.309998,154.394073,87965400,0.009555395464258876,154.574997
2022-09-15,154.649994,155.240005,151.380005,152.369995,151.471405,90481100,-0.018929901731117305,153.83999649999998
2022-09-16,151.210007,151.350006,148.369995,150.699997,149.811249,162278800,-0.01096014999541084,151.53499599999998
2022-09-19,149.309998,154.559998,149.100006,154.479996,153.568954,81474200,0.025082940114458108,152.58999649999998
2022-09-20,153.399994,158.080002,153.080002,156.899994,155.974701,107689800,0.01566544577072615,155.689995
2022-09-21,157.339996,158.740005,153.600006,153.720001,152.813446,101696800,-0.02026764258512337,155.3099975
2022-09-22,152.380005,154.470001,150.910004,152.740005,151.839249,86652500,-0.006375201623892823,153.230003
2022-09-23,151.190002,151.470001,148.559998,150.429993,149.542831,96029900,-0.015123817758157077,151.58499899999998
2022-09-26,149.660004,153.770004,149.639999,150.770004,149.880859,93339400,0.0022602606914965406,150.5999985
2022-09-27,152.740005,154.720001,149.949997,151.759995,150.865005,84442700,0.006566233161338975,151.2649995
2022-09-28,147.639999,150.639999,144.839996,149.839996,148.956329,146691400,-0.012651548914455302,150.79999550000002
2022-09-29,146.100006,146.720001,140.679993,142.479996,141.63974,128138200,-0.0491190616422601,146.159996
2022-09-30,141.279999,143.100006,138.0,138.199997,137.384979,124925300,-0.030039297586729297,140.33999649999998
2022-10-03,138.210007,143.070007,137.690002,142.449997,141.609909,114311700,0.03075253322907101,140.324997
2022-10-04,145.029999,146.220001,144.259995,146.100006,145.238388,87830100,0.025623089342711625,144.2750015
2022-10-05,144.070007,147.380005,143.009995,146.399994,145.536606,79471000,0.002053305870500788,146.25
2022-10-06,145.809998,147.539993,145.220001,145.429993,144.572342,68402200,-0.006625690162255005,145.91499349999998
2022-10-07,142.539993,143.100006,139.449997,140.089996,139.26384,85925600,-0.03671867741890067,142.7599945
2022-10-10,140.419998,141.889999,138.570007,140.419998,139.591888,74899000,0.0023556428683171315,140.254997
2022-10-11,139.899994,141.350006,138.220001,138.979996,138.16037,77033700,-0.010254963826448638,139.699997
2022-10-12,139.130005,140.360001,138.160004,138.339996,137.524155,70433700,-0.004604979266224607,138.659996
2022-10-13,134.990005,143.589996,134.369995,142.990005,142.146729,113224000,0.033612903964519214,140.66500050000002
2022-10-14,144.309998,144.520004,138.190002,138.380005,137.563919,88598000,-0.03224001565703827,140.685005
2022-10-17,141.070007,142.899994,140.270004,142.410004,141.570145,85250900,0.02912269731454331,140.3950045
2022-10-18,145.490005,146.699997,140.610001,143.75,142.902252,99136600,0.009409423231250047,143.08000199999998
2022-10-19,141.690002,144.949997,141.5,143.860001,143.011597,61758300,0.0007652243478262211,143.8050005
2022-10-20,143.020004,145.889999,142.649994,143.389999,142.544373,64522000,-0.0032670790819750994,143.625
2022-10-21,142.869995,147.850006,142.649994,147.270004,146.401505,86548600,0.027059104728775374,145.33000149999998
2022-10-24,147.190002,150.229996,146.0,149.449997,148.568634,75981900,0.014802695326877169,148.3600005
2022-10-25,150.089996,152.490005,149.360001,152.339996,151.441574,74732300,0.01933756479098503,150.8949965
2022-10-26,150.960007,151.990005,148.039993,149.350006,148.469238,88194300,-0.01962708466921581,150.84500100000002
2022-10-27,148.070007,149.050003,144.130005,144.800003,143.94606,109180200,-0.03046536871247263,147.0750045
2022-10-28,148.199997,157.5,147.820007,155.740005,154.821548,164762400,0.07555249843468581,150.270004
2022-10-31,153.160004,154.240005,151.919998,153.339996,152.435699,97943200,-0.015410356510518808,154.54000050000002
2022-11-01,155.080002,155.449997,149.130005,150.649994,149.761551,80379300,-0.01754272903463505,151.99499500000002
2022-11-02,148.949997,152.169998,145.0,145.029999,144.174683,93604600,-0.037304979912577974,147.83999649999998
2022-11-03,142.059998,142.800003,138.75,138.880005,138.060974,97918500,-0.04240497857274339,141.955002
2022-11-04,142.089996,142.669998,134.380005,138.380005,137.792114,140814800,-0.0036002302851300128,138.630005
2022-11-07,137.110001,139.149994,135.669998,138.919998,138.329803,83374600,0.0039022472936027786,138.6500015
2022-11-08,140.410004,141.429993,137.490005,139.5,138.907364,89908500,0.004175079242370927,139.20999899999998
2022-11-09,138.5,138.550003,134.589996,134.869995,134.297028,74917800,-0.03319000000000005,137.1849975
2022-11-10,141.240005,146.869995,139.5,146.869995,146.246048,118854000,0.08897457140114828,140.869995
2022-11-11,145.820007,150.009995,144.369995,149.699997,149.064026,93979700,0.01926875533699035,148.28499599999998
2022-11-14,148.970001,150.279999,147.429993,148.279999,147.650055,73374100,-0.009485624772590961,148.989998
2022-11-15,152.220001,153.589996,148.559998,150.039993,149.402573,89868300,0.011869395817840633,149.159996
2022-11-16,149.130005,149.869995,147.289993,148.789993,148.157883,64218300,-0.008331112092227255,149.414993
2022-11-17,146.429993,151.479996,146.149994,150.720001,150.079712,80389400,0.012971356212107432,149.754997
2022-11-18,152.309998,152.699997,149.970001,151.289993,150.647263,74829600,0.0037817940301103636,151.004997
2022-11-21,150.160004,150.369995,147.720001,148.009995,147.38121,58724100,-0.021680204585639795,149.649994
2022-11-22,148.130005,150.419998,146.929993,150.179993,149.541977,51804100,0.014661158525138829,149.09499399999999
2022-11-23,149.449997,151.830002,149.339996,151.070007,150.428223,58301400,0.00592631536479038,150.625
2022-11-25,148.309998,148.880005,147.119995,148.110001,147.480789,35195900,-0.019593604705399836,149.59000400000002
2022-11-28,145.139999,146.639999,143.380005,144.220001,143.6073,69246000,-0.026264262870405508,146.16500100000002
2022-11-29,144.289993,144.809998,140.350006,141.169998,140.570267,83763800,-0.02114826639059586,142.6949995
2022-11-30,141.399994,148.720001,140.550003,148.029999,147.401123,111380900,0.04859390165890631,144.5999985
2022-12-01,148.210007,149.130005,146.610001,148.309998,147.679947,71250400,0.001891501735401535,148.16999850000002
2022-12-02,145.960007,148.0,145.649994,147.809998,147.182068,65447400,-0.003371316881819353,148.059998
2022-12-05,147.770004,150.919998,145.770004,146.630005,146.007065,68826400,-0.00798317445346286,147.22000150000002
2022-12-06,147.070007,147.300003,141.919998,142.910004,142.302887,64727200,-0.025369984813135793,144.7700045
2022-12-07,142.190002,143.369995,140.0,140.940002,140.341248,69721100,-0.013784913196139836,141.925003
2022-12-08,142.360001,143.520004,141.100006,142.649994,142.043976,62128300,0.012132765543738211,141.794998
2022-12-09,142.339996,145.570007,140.899994,142.160004,141.556076,76097000,-0.003434910764875343,142.40499899999998
2022-12-12,142.699997,144.5,141.059998,144.490005,143.87616,70462700,0.016389989690771323,143.32500449999998
2022-12-13,149.5,149.970001,144.240005,145.470001,144.852005,93886200,0.006782448377657735,144.980003
2022-12-14,145.350006,146.660004,141.160004,143.210007,142.601608,82291200,-0.015535807963595216,144.340004
2022-12-15,141.110001,141.800003,136.029999,136.5,135.92009,98931900,-0.046854316542279006,139.8550035
2022-12-16,136.690002,137.649994,133.729996,134.509995,133.938553,160156900,-0.014578791208791131,135.5049975
2022-12-19,135.110001,135.199997,131.320007,132.369995,131.807648,79592600,-0.015909598390811186,133.439995
2022-12-20,131.389999,133.25,129.889999,132.300003,131.737946,77432800,-0.0005287603130904595,132.33499899999998
2022-12-21,132.979996,136.809998,132.75,135.449997,134.874557,85928000,0.023809477918152355,133.875
2022-12-22,134.350006,134.559998,130.300003,132.229996,131.668243,77852100,-0.023772617728444856,133.83999649999998
2022-12-23,130.919998,132.419998,129.639999,131.860001,131.29982,63814900,-0.002798117002136058,132.04499850000002
2022-12-27,131.380005,131.410004,128.720001,130.029999,129.477585,69007800,-0.013878370894294223,130.945
2022-12-28,129.669998,131.029999,125.870003,126.040001,125.504539,85438400,-0.030685211341115237,128.035
2022-12-29,127.989998,130.479996,127.730003,129.610001,129.059372,75703700,0.028324341254170715,127.825001
2022-12-30,128.410004,129.949997,127.43,129.929993,129.378006,77034200,0.0024688835547497234,129.769997
2023-01-03,130.279999,130.899994,124.169998,125.07,124.538666,112117500,-0.03740470454731726,127.4999965
2023-01-04,126.889999,128.660004,125.080002,126.360001,125.823189,89113600,0.010314232030063097,125.7150005
2023-01-05,127.129997,127.769997,124.760002,125.019997,124.488876,80962700,-0.010604653287395904,125.689999
2023-01-06,126.010002,130.289993,124.889999,129.619995,129.069321,87754700,0.03679409782740595,127.319996
2023-01-09,130.470001,133.410004,129.889999,130.149994,129.597061,70790800,0.004088867616450775,129.8849945
2023-01-10,130.259995,131.259995,128.119995,130.729996,130.174606,63896200,0.004456412037944446,130.43999499999998
2023-01-11,131.25,133.509995,130.460007,133.490005,132.922882,69458900,0.021112285507910444,132.11000049999998
2023-01-12,133.880005,134.259995,131.440002,133.410004,132.843231,71379600,-0.0005993032961532085,133.45000449999998
2023-01-13,132.029999,134.919998,131.660004,134.759995,134.1875,57809700,0.01011911370604568,134.08499949999998
2023-01-17,134.830002,137.289993,134.130005,135.940002,135.362488,63646600,0.008756359778731015,135.34999849999997
2023-01-18,136.820007,138.610001,135.029999,135.210007,134.63559,69672800,-0.005369979323672558,135.57500449999998
2023-01-19,134.080002,136.25,133.770004,135.270004,134.695328,58280400,0.00044373194951474737,135.2400055
2023-01-20,135.279999,138.020004,134.220001,137.869995,137.284271,80223600,0.01922075052204475,136.5699995
2023-01-23,138.119995,143.320007,137.899994,141.110001,140.510513,81760300,0.023500443298050566,139.48999799999999
2023-01-24,140.309998,143.160004,140.300003,142.529999,141.924484,66435100,0.010063057118113061,141.82
2023-01-25,140.889999,142.429993,138.809998,141.860001,141.257339,65799300,-0.004700750752127614,142.195
2023-01-26,143.169998,144.25,141.899994,143.960007,143.348419,54105100,0.014803369414892131,142.910004
2023-01-27,143.160004,147.229996,143.080002,145.929993,145.310043,70555800,0.013684258851140552,144.945
2023-01-30,144.960007,145.550003,142.850006,143.0,142.392502,64015300,-0.020078072641310896,144.46499649999998
2023-01-31,142.699997,144.339996,142.279999,144.289993,143.677002,65874500,0.00902093006993021,143.6449965
2023-02-01,143.970001,146.610001,141.320007,145.429993,144.812164,77663600,0.007900755806398818,144.85999299999997
2023-02-02,148.899994,151.179993,148.169998,150.820007,150.179291,118339000,0.037062602347784024,148.125
2023-02-03,148.029999,157.380005,147.830002,154.5,153.843628,154357300,0.024399899411223336,152.6600035
2023-02-06,152.570007,153.100006,150.779999,151.729996,151.085388,69858300,-0.017928828478964376,153.11499799999999
2023-02-07,150.639999,155.229996,150.639999,154.649994,153.992981,83322600,0.019244698325833864,153.18999499999998
2023-02-08,153.880005,154.580002,151.169998,151.919998,151.274582,64120100,-0.017652739126520767,153.28499599999998
2023-02-09,153.779999,154.330002,150.419998,150.869995,150.22905,56007100,-0.006911552223690776,151.3949965
2023-02-10,149.460007,151.339996,149.220001,151.009995,150.598038,57450700,0.000927951247032377,150.93999499999998
2023-02-13,150.949997,154.259995,150.919998,153.850006,153.430313,62199000,0.01880677500850192,152.4300005
2023-02-14,152.119995,153.770004,150.860001,153.199997,152.782074,61707600,-0.004224952711409102,153.52500149999997
2023-02-15,153.110001,155.5,152.880005,155.330002,154.906265,65573800,0.013903427165210758,154.2649995
2023-02-16,153.509995,156.330002,153.350006,153.710007,153.29068,68167900,-0.010429376032583981,154.52000449999997
2023-02-17,152.350006,153.0,150.850006,152.550003,152.13385,59144100,-0.0075467044900986435,153.13000499999998
2023-02-21,150.199997,151.300003,148.410004,148.479996,148.074951,58867200,-0.026679822484172666,150.5149995
2023-02-22,148.869995,149.949997,147.160004,148.910004,148.503769,51011300,0.0028960668883637464,148.695
2023-02-23,150.089996,150.339996,147.240005,149.399994,148.992432,48394200,0.0032905109585519288,149.15499899999998
2023-02-24,147.110001,147.190002,145.720001,146.710007,146.309784,55469600,-0.01800526846072026,148.05500049999998
2023-02-27,147.710007,149.169998,147.449997,147.919998,147.516479,44998500,0.008247501480931785,147.3150025
2023-02-28,147.050003,149.080002,146.830002,147.410004,147.007874,50547000,-0.0034477691109757735,147.66500099999996
2023-03-01,146.830002,147.229996,145.009995,145.309998,144.913605,55479000,-0.014246020914564061,146.36000099999998
2023-03-02,144.380005,146.710007,143.899994,145.910004,145.511978,52238100,0.004129144644265725,145.61000099999998
2023-03-03,148.039993,151.110001,147.330002,151.029999,150.617996,70732300,0.035090088819407006,148.47000149999997
2023-03-06,153.789993,156.300003,153.460007,153.830002,153.41037,87558000,0.018539383026811906,152.4300005
2023-03-07,153.699997,154.029999,151.130005,151.600006,151.186447,56182000,-0.01449649594361968,152.715004
2023-03-08,152.809998,153.470001,151.830002,152.869995,152.452972,47204800,0.008377235816204198,152.23500049999998
2023-03-09,153.559998,154.539993,150.229996,150.589996,150.179184,53833600,-0.014914627294911442,151.72999549999997
2023-03-10,150.210007,150.940002,147.610001,148.5,148.094894,68572400,-0.01387871741493385,149.544998
2023-03-13,147.809998,153.139999,147.699997,150.470001,150.059525,84457100,0.013266,149.48500049999998
2023-03-14,151.279999,153.399994,150.100006,152.589996,152.173737,73695900,0.014089153890548767,151.52999849999998
2023-03-15,151.190002,153.25,149.919998,152.990005,152.572647,77167900,0.0026214628120180272,152.7900005
2023-03-16,152.160004,156.460007,151.639999,155.850006,155.42485,76161100,0.018694038215110842,154.4200055
2023-03-17,156.080002,156.740005,154.279999,155.0,154.577164,98944600,-0.005454000431671546,155.425003
2023-03-20,155.070007,157.820007,154.149994,157.399994,156.970612,73641400,0.015483832258064378,156.199997
2023-03-21,157.320007,159.399994,156.539993,159.279999,158.84549,73938300,0.011944123708162335,158.33999649999998
2023-03-22,159.300003,162.139999,157.809998,157.830002,157.399445,75701800,-0.009103446817575578,158.5550005
2023-03-23,158.830002,161.550003,157.679993,158.929993,158.496445,67622100,0.006969467059881218,158.3799975
2023-03-24,158.860001,160.339996,157.850006,160.25,159.812836,59196500,0.008305587731322728,159.58999649999998
2023-03-27,159.940002,160.770004,157.869995,158.279999,157.848206,52390300,-0.012293297971918804,159.2649995
2023-03-28,157.970001,158.490005,155.979996,157.649994,157.219925,45992200,-0.0039803197117787015,157.96499649999998
2023-03-29,159.369995,161.050003,159.350006,160.770004,160.331421,51305700,0.0197907397319661,159.20999899999998
2023-03-30,161.529999,162.470001,161.270004,162.360001,161.917084,49501700,0.009889885926730457,161.5650025
2023-03-31,162.440002,165.0,161.910004,164.899994,164.45015,68749800,0.01564420414114176,163.6299975
2023-04-03,164.270004,166.289993,164.220001,166.169998,165.71669,56976200,0.007701661893329215,165.53499599999998
2023-04-04,166.600006,166.839996,165.110001,165.630005,165.178177,46278300,-0.003249641972072337,165.90000149999997
2023-04-05,164.740005,165.050003,161.800003,163.759995,163.313263,51511700,-0.011290285235456055,164.695
2023-04-06,162.429993,164.960007,162.0,164.660004,164.210831,45390100,0.005495902708106293,164.20999949999998
2023-04-10,161.419998,162.029999,160.080002,162.029999,161.587982,47716900,-0.01597233654871033,163.34500149999997
2023-04-11,162.350006,162.360001,160.509995,160.800003,160.361343,47644200,-0.007591162177320032,161.415001
2023-04-12,161.220001,162.059998,159.779999,160.100006,159.663269,50133100,-0.004353215092912643,160.45000449999998
2023-04-13,161.630005,165.800003,161.419998,165.559998,165.108353,68445600,0.03410363394989502,162.83000199999998
2023-04-14,164.589996,166.320007,163.820007,165.210007,164.759323,49386500,-0.0021139828716355558,165.38500249999998
2023-04-17,165.089996,165.389999,164.029999,165.229996,164.779251,41516200,0.00012099146028132779,165.22000149999997
2023-04-18,166.100006,167.410004,165.649994,166.470001,166.015884,49923000,0.007504720874047521,165.84999849999997
2023-04-19,165.800003,168.160004,165.539993,167.630005,167.172714,47720200,0.0069682464890477025,167.050003
2023-04-20,166.089996,167.869995,165.559998,166.649994,166.195389,52456400,-0.0058462743588179045,167.1399995
2023-04-21,165.050003,166.449997,164.490005,165.020004,164.569839,58337300,-0.009780918443957454,165.83499899999998
2023-04-24,165.0,165.600006,163.889999,165.330002,164.878983,41949600,0.0018785480092462503,165.175003
2023-04-25,165.190002,166.309998,163.729996,163.770004,163.323242,48714100,-0.009435661895171421,164.550003
2023-04-26,163.059998,165.279999,162.800003,163.759995,163.313263,45498800,-6.11161980553776e-05,163.7649995
2023-04-27,165.190002,168.559998,165.190002,168.410004,167.950592,64902300,0.028395268331560253,166.08499949999998
2023-04-28,168.490005,169.850006,167.880005,169.679993,169.217117,55209200,0.007541054390094448,169.04499849999996
2023-05-01,169.279999,170.449997,168.639999,169.589996,169.127365,52472900,-0.0005303925254168673,169.6349945
2023-05-02,170.089996,170.350006,167.539993,168.539993,168.080231,48425700,-0.0061914206307310815,169.0649945
2023-05-03,169.5,170.919998,167.160004,167.449997,166.993195,65136000,-0.00646728399947194,167.994995
2023-05-04,164.889999,167.039993,164.309998,165.789993,165.337723,81235400,-0.009913431052494981,166.619995
2023-05-05,170.979996,174.300003,170.759995,173.570007,173.096512,113316400,0.046926921578433145,169.68
2023-05-08,172.479996,173.850006,172.110001,173.5,173.026688,55962800,-0.0004033358136581455,173.5350035
2023-05-09,173.050003,173.539993,171.600006,171.770004,171.301422,45326900,-0.009971158501440924,172.635002
2023-05-10,173.020004,174.029999,171.899994,173.559998,173.086533,53724500,0.010420876511128219,172.665001
2023-05-11,173.850006,174.589996,172.169998,173.75,173.276016,49514700,0.0010947338222484504,173.65499899999998
2023-05-12,173.619995,174.059998,171.0,172.570007,172.33728,45497800,-0.006791326618704963,173.1600035
2023-05-15,173.160004,173.210007,171.470001,172.070007,171.837967,37266700,-0.0028973748607427074,172.32000699999998
2023-05-16,171.990005,173.139999,171.800003,172.070007,171.837967,42110300,0.0,172.070007
2023-05-17,171.710007,172.929993,170.419998,172.690002,172.457123,57951600,0.003603155545870207,172.38000449999998
2023-05-18,173.0,175.240005,172.580002,175.050003,174.813934,65496700,0.013666112529201468,173.8700025
2023-05-19,176.389999,176.389999,174.940002,175.160004,174.923798,55772400,0.0006283975899159522,175.10500349999998
2023-05-22,173.979996,174.710007,173.449997,174.199997,173.965073,43570900,-0.005480743195233062,174.68000049999998
2023-05-23,173.130005,173.380005,171.279999,171.559998,171.328644,50747300,-0.015154988779936596,172.8799975
2023-05-24,171.089996,172.419998,170.520004,171.839996,171.608261,45143500,0.0016320704317098755,171.699997
2023-05-25,172.410004,173.899994,171.690002,172.990005,172.756714,56058300,0.006692324410901396,172.4150005
2023-05-26,173.320007,175.770004,173.110001,175.429993,175.19342,54835000,0.014104791776842873,174.20999899999998
2023-05-30,176.960007,178.990005,176.570007,177.300003,177.060898,55964400,0.010659579744724867,176.36499799999999
2023-05-31,177.330002,179.350006,176.759995,177.25,177.010971,99625300,-0.0002820248119228541,177.27500149999997
2023-06-01,177.699997,180.119995,176.929993,180.089996,179.847137,68901800,0.016022544428772934,178.669998
2023-06-02,181.029999,181.779999,179.259995,180.949997,180.705978,61945900,0.004775395741582367,180.5199965
2023-06-05,182.630005,184.949997,178.039993,179.580002,179.33783,121946500,-0.007571124745583635,180.2649995
2023-06-06,179.970001,180.119995,177.429993,179.210007,178.968338,64848400,-0.002060335203693864,179.39500449999997
2023-06-07,178.440002,181.210007,177.320007,177.820007,177.5802,61944600,-0.007756263298399291,178.51500699999997
2023-06-08,177.899994,180.839996,177.460007,180.570007,180.326492,50214900,0.015465076435409175,179.19500699999998
2023-06-09,181.5,182.229996,180.630005,180.960007,180.715973,48870700,0.0021598271300946603,180.76500699999997
2023-06-12,181.270004,183.889999,180.970001,183.789993,183.542145,54274900,0.015638737237670508,182.375
2023-06-13,182.800003,184.149994,182.440002,183.309998,183.06279,54929100,-0.0026116492642773714,183.5499955
2023-06-14,183.369995,184.389999,182.020004,183.949997,183.701935,57462900,0.0034913480278364606,183.6299975
2023-06-15,183.960007,186.520004,183.779999,186.009995,185.759155,65433200,0.01119868460775253,184.97999599999997
2023-06-16,186.729996,186.990005,184.270004,184.919998,184.670624,101235600,-0.005859884034726259,185.46499649999998
2023-06-20,184.410004,186.100006,184.410004,185.009995,184.760498,49799100,0.0004866807320644817,184.96499649999998
2023-06-21,184.899994,185.410004,182.589996,183.960007,183.711929,49515700,-0.005675304190997932,184.48500099999998
2023-06-22,183.740005,187.050003,183.669998,187.0,186.747818,51245300,0.016525292913257994,185.48000349999998
2023-06-23,185.550003,187.559998,185.009995,186.679993,186.428238,53079300,-0.0017112673796791933,186.83999649999998
2023-06-26,186.830002,188.050003,185.229996,185.270004,185.020157,48088700,-0.007552973285144704,185.97499849999997
2023-06-27,185.889999,188.389999,185.669998,188.059998,187.806381,50730800,0.015059070220563076,186.665001
2023-06-28,187.929993,189.899994,187.600006,189.25,188.994781,51216800,0.006327778435901044,188.65499899999998
2023-06-29,189.080002,190.070007,188.940002,189.589996,189.33432,46347300,0.001796544253632737,189.419998
2023-06-30,191.630005,194.479996,191.259995,193.970001,193.70842,85069600,0.02310251116836337,191.77999849999998
2023-07-03,193.779999,193.880005,191.759995,192.460007,192.20047,31458200,-0.007784678002862977,193.21500399999996
2023-07-05,191.570007,192.979996,190.619995,191.330002,191.071976,46920300,-0.005871375656761657,191.89500449999997
2023-07-06,189.839996,192.020004,189.199997,191.809998,191.551331,45094300,0.0025087335754065965,191.57
2023-07-07,191.410004,192.669998,190.240005,190.679993,190.422852,46778000,-0.005891272674952042,191.2449955
2023-07-10,189.259995,189.990005,187.039993,188.610001,188.355652,59922200,-0.010855842647319536,189.644997
2023-07-11,189.160004,189.300003,186.600006,188.080002,187.82637,46638100,-0.002810025964635865,188.3450015
2023-07-12,189.679993,191.699997,188.470001,189.770004,189.514084,60750200,0.008985548607129301,188.925003
2023-07-13,190.5,191.190002,189.779999,190.539993,190.283035,41342300,0.004057485291511176,190.15499849999998
2023-07-14,190.229996,191.179993,189.630005,190.690002,190.432846,41573900,0.0007872835389470811,190.6149975
2023-07-17,191.899994,194.320007,191.809998,193.990005,193.728394,50520200,0.017305590043467545,192.34000349999997
2023-07-18,193.350006,194.330002,192.419998,193.729996,193.468735,48353800,-0.0013403216315190924,193.86000049999998
2023-07-19,193.100006,198.229996,192.649994,195.100006,194.836899,80507300,0.00707174948788003,194.415001
2023-07-20,195.089996,196.470001,192.5,193.130005,192.869553,59581200,-0.01009739077096694,194.1150055
2023-07-21,194.100006,194.970001,191.229996,191.940002,191.681168,71917800,-0.006161668146800969,192.5350035
2023-07-24,193.410004,194.910004,192.25,192.75,192.490067,45377800,0.004220058307595531,192.34500099999997
2023-07-25,193.330002,194.440002,192.919998,193.619995,193.358887,37283200,0.004513592736705485,193.18499749999998
2023-07-26,193.669998,195.639999,193.320007,194.5,194.237701,47471900,0.004545010963356466,194.05999749999998
2023-07-27,196.020004,197.199997,192.550003,193.220001,192.959427,47460200,-0.006580971722365048,193.86000049999998
2023-07-28,194.669998,196.630005,194.139999,195.830002,195.565918,48291400,0.013507923540482913,194.52500149999997
2023-07-31,196.059998,196.490005,195.259995,196.449997,196.185074,38824100,0.0031659857716797024,196.1399995
2023-08-01,196.240005,196.729996,195.279999,195.610001,195.346207,35175100,-0.004275876878735652,196.02999899999998
2023-08-02,195.039993,195.179993,191.850006,192.580002,192.320297,50389300,-0.01549000043203319,194.0950015
2023-08-03,191.570007,192.369995,190.690002,191.169998,190.912201,61235200,-0.0073216532628347375,191.875
2023-08-04,185.520004,187.380005,181.919998,181.990005,181.744583,115799700,-0.04802005071946491,186.58000149999998
2023-08-07,182.130005,183.130005,177.350006,178.850006,178.60881,97576100,-0.01725368928914528,180.4200055
2023-08-08,179.690002,180.270004,177.580002,179.800003,179.557526,67823000,0.005311696774558561,179.32500449999998
2023-08-09,180.869995,180.929993,177.009995,178.190002,177.949707,60378500,-0.008954399183185857,178.9950025
2023-08-10,179.479996,180.75,177.600006,177.970001,177.729996,54686900,-0.0012346427831567697,178.08000149999998
2023-08-11,177.320007,178.619995,176.550003,177.789993,177.789993,51988100,-0.0010114513625247845,177.879997
2023-08-14,177.970001,179.690002,177.309998,179.460007,179.460007,43675600,0.00939318333850192,178.625
2023-08-15,178.880005,179.479996,177.050003,177.449997,177.449997,43622600,-0.01120032275491889,178.45500199999998
2023-08-16,177.130005,178.539993,176.5,176.570007,176.570007,46964900,-0.004959087150618546,177.010002
2023-08-17,177.139999,177.509995,173.479996,174.0,174.0,66062900,-0.01455517300851672,175.2850035
2023-08-18,172.300003,175.100006,171.960007,174.490005,174.490005,61114200,0.0028161206896550883,174.2450025
2023-08-21,175.070007,176.130005,173.740005,175.839996,175.839996,46242000,0.0077367812557516125,175.1650005
